## CADD GRCh37-v1.4 (c) University of Washington, Hudson-Alpha Institute for Biotechnology and Berlin Institute of Health 2013-2018. All rights reserved.
#Chr	Pos	Ref	Alt	RawScore	PHRED
16	14341127	G	T	3.082313	23.8
20	23898536	G	A	0.023524	2.992
5	172660192	C	A	1.651977	16.52
8	11607722	G	A	4.027798	28.3
5	172660387	T	G	0.476938	9.166
